Id,task_1,task_2
data/test/melanoma/ISIC_0012258.jpg,-0.018380512,-0.20713292
data/test/melanoma/ISIC_0012356.jpg,-0.20768708,-0.14651373
data/test/melanoma/ISIC_0012369.jpg,-0.22806826,-0.2326394
data/test/melanoma/ISIC_0012395.jpg,-0.24207868,-0.21924415
data/test/melanoma/ISIC_0012425.jpg,-0.35841036,-0.16923492
data/test/melanoma/ISIC_0012758.jpg,-0.26032966,-0.27733898
data/test/melanoma/ISIC_0012989.jpg,0.23659757,0.15542234
data/test/melanoma/ISIC_0013072.jpg,-0.2089999,-0.16857477
data/test/melanoma/ISIC_0013073.jpg,-0.1436581,-0.06032233
data/test/melanoma/ISIC_0013242.jpg,-0.18571925,-0.1279414
data/test/melanoma/ISIC_0013277.jpg,-0.16471714,0.089713946
data/test/melanoma/ISIC_0013321.jpg,-0.7582879,-0.3139728
data/test/melanoma/ISIC_0013374.jpg,0.008349363,0.22797325
data/test/melanoma/ISIC_0013411.jpg,-0.856313,-0.42395148
data/test/melanoma/ISIC_0013414.jpg,-0.5690877,-0.28428307
data/test/melanoma/ISIC_0013455.jpg,-0.002684642,0.0959786
data/test/melanoma/ISIC_0013457.jpg,-0.25198525,-0.003684184
data/test/melanoma/ISIC_0013459.jpg,-0.35718822,-0.040173016
data/test/melanoma/ISIC_0013472.jpg,-0.38397855,-0.2025775
data/test/melanoma/ISIC_0013473.jpg,-0.2923106,-0.03706462
data/test/melanoma/ISIC_0013565.jpg,-0.21820092,-0.29869002
data/test/melanoma/ISIC_0013577.jpg,-0.2993971,-0.32442126
data/test/melanoma/ISIC_0013588.jpg,-0.5528813,-0.19029063
data/test/melanoma/ISIC_0013615.jpg,-0.25996685,-0.04742612
data/test/melanoma/ISIC_0013617.jpg,-0.084190875,-0.13377784
data/test/melanoma/ISIC_0013636.jpg,-0.09349779,0.050719693
data/test/melanoma/ISIC_0013678.jpg,-0.60388285,-0.37446007
data/test/melanoma/ISIC_0013696.jpg,-0.022573575,-0.047752246
data/test/melanoma/ISIC_0013733.jpg,-0.3948027,-0.13417433
data/test/melanoma/ISIC_0013739.jpg,-0.28760397,-0.10856243
data/test/melanoma/ISIC_0013766.jpg,-0.32152227,-0.20286955
data/test/melanoma/ISIC_0013767.jpg,-0.28603056,-0.3470923
data/test/melanoma/ISIC_0013813.jpg,-0.23899248,-0.22352853
data/test/melanoma/ISIC_0013814.jpg,-0.11854042,-0.10812296
data/test/melanoma/ISIC_0013833.jpg,-0.24792597,-0.13871571
data/test/melanoma/ISIC_0013842.jpg,-0.34792304,-0.30805588
data/test/melanoma/ISIC_0013867.jpg,-0.13525152,0.01602716
data/test/melanoma/ISIC_0013908.jpg,-0.5820325,-0.27640426
data/test/melanoma/ISIC_0013917.jpg,-0.21711153,-0.041409466
data/test/melanoma/ISIC_0013925.jpg,-0.6604951,-0.57709116
data/test/melanoma/ISIC_0013948.jpg,0.07186961,-0.07627633
data/test/melanoma/ISIC_0013953.jpg,-0.11482818,-0.06378173
data/test/melanoma/ISIC_0013987.jpg,-0.29334873,-0.14131822
data/test/melanoma/ISIC_0013988.jpg,-0.2874102,-0.0918266
data/test/melanoma/ISIC_0014027.jpg,-0.31251362,-0.26641962
data/test/melanoma/ISIC_0014059.jpg,-0.26888376,-0.018967183
data/test/melanoma/ISIC_0014077.jpg,-0.055466726,0.26303548
data/test/melanoma/ISIC_0014103.jpg,-0.5552343,-0.13679549
data/test/melanoma/ISIC_0014110.jpg,0.08229879,-0.053043302
data/test/melanoma/ISIC_0014129.jpg,-0.018397313,-0.13152087
data/test/melanoma/ISIC_0014148.jpg,-0.41805243,-0.24039163
data/test/melanoma/ISIC_0014160.jpg,0.057781495,-0.2226545
data/test/melanoma/ISIC_0014181.jpg,-0.08557338,0.29001403
data/test/melanoma/ISIC_0014186.jpg,-0.31722623,-0.09719469
data/test/melanoma/ISIC_0014219.jpg,-0.13231163,-0.11802758
data/test/melanoma/ISIC_0014221.jpg,-0.06250238,0.24324799
data/test/melanoma/ISIC_0014233.jpg,-0.23671891,-0.056580164
data/test/melanoma/ISIC_0014255.jpg,0.16981333,0.29651308
data/test/melanoma/ISIC_0014270.jpg,-0.33340508,-0.16756302
data/test/melanoma/ISIC_0014284.jpg,-0.31506324,-0.27849376
data/test/melanoma/ISIC_0014288.jpg,-0.07469764,-0.20830858
data/test/melanoma/ISIC_0014319.jpg,-0.113181554,-0.23770718
data/test/melanoma/ISIC_0014336.jpg,-0.26202172,-0.24146414
data/test/melanoma/ISIC_0014349.jpg,-0.18453954,-0.13518924
data/test/melanoma/ISIC_0014369.jpg,-0.19642481,-0.17205931
data/test/melanoma/ISIC_0014423.jpg,-0.43336618,-0.26884705
data/test/melanoma/ISIC_0014434.jpg,-0.2577537,-0.4313799
data/test/melanoma/ISIC_0014454.jpg,-0.2257206,-0.102678776
data/test/melanoma/ISIC_0014478.jpg,-0.2859688,0.12002629
data/test/melanoma/ISIC_0014489.jpg,-0.1715076,-0.0574682
data/test/melanoma/ISIC_0014506.jpg,-0.03485578,-0.15607664
data/test/melanoma/ISIC_0014513.jpg,-0.08770565,-0.12003293
data/test/melanoma/ISIC_0014541.jpg,-0.45295277,-0.113076076
data/test/melanoma/ISIC_0014542.jpg,0.15836126,0.048718683
data/test/melanoma/ISIC_0014546.jpg,-0.032842796,-0.20448555
data/test/melanoma/ISIC_0014548.jpg,-0.027774941,-0.16699086
data/test/melanoma/ISIC_0014559.jpg,0.049667995,-0.21668267
data/test/melanoma/ISIC_0014663.jpg,-0.31759453,-0.101281896
data/test/melanoma/ISIC_0014666.jpg,0.083378196,-0.4928695
data/test/melanoma/ISIC_0014695.jpg,-0.21163234,-0.32795563
data/test/melanoma/ISIC_0014703.jpg,-0.18540062,-0.3159972
data/test/melanoma/ISIC_0014727.jpg,0.111897066,-0.01597474
data/test/melanoma/ISIC_0014766.jpg,-0.13397115,-0.26402074
data/test/melanoma/ISIC_0014772.jpg,-0.24927588,-0.2210602
data/test/melanoma/ISIC_0014784.jpg,-0.35993513,-0.27293468
data/test/melanoma/ISIC_0014790.jpg,-0.079608664,0.29046914
data/test/melanoma/ISIC_0014800.jpg,0.05037044,-0.42848065
data/test/melanoma/ISIC_0014826.jpg,-0.33250287,-0.008197401
data/test/melanoma/ISIC_0014862.jpg,-0.2710384,-0.31310844
data/test/melanoma/ISIC_0014872.jpg,-0.059430927,0.16274498
data/test/melanoma/ISIC_0014883.jpg,-0.33635667,0.09276873
data/test/melanoma/ISIC_0014912.jpg,-0.30973157,-0.42198282
data/test/melanoma/ISIC_0014928.jpg,-0.20673022,-0.07051213
data/test/melanoma/ISIC_0014932.jpg,-0.35566866,-0.17716716
data/test/melanoma/ISIC_0014963.jpg,-0.33991635,0.022191212
data/test/melanoma/ISIC_0014982.jpg,-0.12276733,-0.37616962
data/test/melanoma/ISIC_0015004.jpg,-0.14044139,0.33324873
data/test/melanoma/ISIC_0015041.jpg,-0.48542607,-0.175945
data/test/melanoma/ISIC_0015046.jpg,-0.084242254,0.032721803
data/test/melanoma/ISIC_0015050.jpg,-0.49309134,0.16559201
data/test/melanoma/ISIC_0015071.jpg,-0.5593558,0.020671103
data/test/melanoma/ISIC_0015115.jpg,-0.12056818,0.13664168
data/test/melanoma/ISIC_0015119.jpg,-0.41165066,-0.28378597
data/test/melanoma/ISIC_0015127.jpg,-0.029839372,-0.10568111
data/test/melanoma/ISIC_0015132.jpg,-0.43208393,-0.15844072
data/test/melanoma/ISIC_0015133.jpg,0.033340186,-0.078619644
data/test/melanoma/ISIC_0015136.jpg,-0.3502229,-0.28222054
data/test/melanoma/ISIC_0015142.jpg,-0.3367985,-0.7096765
data/test/melanoma/ISIC_0015156.jpg,-0.13293482,-0.066335335
data/test/melanoma/ISIC_0015163.jpg,-0.10344193,0.07473963
data/test/melanoma/ISIC_0015167.jpg,-0.37468258,-0.7526314
data/test/melanoma/ISIC_0015180.jpg,-0.21236093,-0.31477022
data/test/melanoma/ISIC_0015185.jpg,-0.21342415,-0.36457783
data/test/melanoma/ISIC_0015193.jpg,0.05600764,0.008092923
data/test/melanoma/ISIC_0015206.jpg,-0.581221,-0.1655467
data/test/melanoma/ISIC_0015229.jpg,-0.091292135,-0.29162216
data/test/melanoma/ISIC_0015251.jpg,-0.026983295,-0.17610173
data/test/nevus/ISIC_0012092.jpg,0.002478637,-0.18418944
data/test/nevus/ISIC_0012095.jpg,0.08914034,-0.026611324
data/test/nevus/ISIC_0012147.jpg,-0.10669702,-0.046459034
data/test/nevus/ISIC_0012149.jpg,-0.5352474,-0.42458788
data/test/nevus/ISIC_0012152.jpg,-0.29799014,0.036962803
data/test/nevus/ISIC_0012216.jpg,-0.41849256,-0.18412185
data/test/nevus/ISIC_0012357.jpg,-0.12628067,-0.013147783
data/test/nevus/ISIC_0012484.jpg,-0.049947508,-0.09052508
data/test/nevus/ISIC_0012493.jpg,0.16030867,0.004253787
data/test/nevus/ISIC_0012551.jpg,0.10698757,-0.3363448
data/test/nevus/ISIC_0012654.jpg,-0.29158357,0.09638555
data/test/nevus/ISIC_0012656.jpg,-0.073262945,-0.10438305
data/test/nevus/ISIC_0012708.jpg,-0.25323045,-0.45911828
data/test/nevus/ISIC_0012722.jpg,-0.23633984,-0.07397274
data/test/nevus/ISIC_0012803.jpg,-0.41325432,-0.313434
data/test/nevus/ISIC_0012836.jpg,-0.27272105,-0.024771838
data/test/nevus/ISIC_0012837.jpg,-0.63625586,-0.3238784
data/test/nevus/ISIC_0012903.jpg,-0.4261542,-0.05709973
data/test/nevus/ISIC_0012904.jpg,-0.34704903,-0.1850958
data/test/nevus/ISIC_0012941.jpg,-0.013818607,-0.24554017
data/test/nevus/ISIC_0012967.jpg,-0.5119048,-0.18900558
data/test/nevus/ISIC_0013045.jpg,-0.45453694,-0.16351992
data/test/nevus/ISIC_0013070.jpg,-0.41125014,-0.055328928
data/test/nevus/ISIC_0013109.jpg,-0.2859698,-0.15465581
data/test/nevus/ISIC_0013159.jpg,-0.114584744,-0.13130698
data/test/nevus/ISIC_0013164.jpg,-0.54679,-0.37843946
data/test/nevus/ISIC_0013176.jpg,-0.10990049,-0.18529442
data/test/nevus/ISIC_0013191.jpg,-0.2870494,-0.6816237
data/test/nevus/ISIC_0013216.jpg,-0.38823938,-0.38050812
data/test/nevus/ISIC_0013226.jpg,-0.39467466,-0.09592479
data/test/nevus/ISIC_0013230.jpg,-0.7057306,-0.17911634
data/test/nevus/ISIC_0013269.jpg,-0.12896286,0.005617409
data/test/nevus/ISIC_0013291.jpg,0.054816224,0.0868212
data/test/nevus/ISIC_0013325.jpg,-0.13454631,0.0432209
data/test/nevus/ISIC_0013399.jpg,0.19259444,0.23178504
data/test/nevus/ISIC_0013416.jpg,-0.20453428,-0.072947584
data/test/nevus/ISIC_0013511.jpg,-0.28234997,-0.1210251
data/test/nevus/ISIC_0013512.jpg,-0.6000377,-0.32680723
data/test/nevus/ISIC_0013529.jpg,-0.2646726,-0.173421
data/test/nevus/ISIC_0013600.jpg,-0.12647766,-0.17630863
data/test/nevus/ISIC_0013602.jpg,-0.09426421,0.08202736
data/test/nevus/ISIC_0013738.jpg,-0.20452449,-0.2454388
data/test/nevus/ISIC_0013794.jpg,-0.012347689,-0.23656774
data/test/nevus/ISIC_0013809.jpg,-0.066586785,-0.22198167
data/test/nevus/ISIC_0013891.jpg,-0.40615094,0.2220639
data/test/nevus/ISIC_0013897.jpg,-0.33319724,-0.31533593
data/test/nevus/ISIC_0013911.jpg,-0.5041106,-0.5473413
data/test/nevus/ISIC_0013966.jpg,-0.3982992,-0.021254636
data/test/nevus/ISIC_0013998.jpg,-0.2376586,-0.20357339
data/test/nevus/ISIC_0014090.jpg,-0.059403762,-0.18695006
data/test/nevus/ISIC_0014117.jpg,-0.14154659,-0.019347373
data/test/nevus/ISIC_0014470.jpg,-0.28640634,-0.2821389
data/test/nevus/ISIC_0014675.jpg,-0.2795481,-0.1390073
data/test/nevus/ISIC_0014677.jpg,0.09736088,0.34051377
data/test/nevus/ISIC_0014687.jpg,-0.09120318,0.0328283
data/test/nevus/ISIC_0014693.jpg,-0.22540885,-0.094276436
data/test/nevus/ISIC_0014697.jpg,-0.58417964,-0.46473756
data/test/nevus/ISIC_0014698.jpg,-0.13507324,-0.29963648
data/test/nevus/ISIC_0014720.jpg,0.00246341,-0.004853338
data/test/nevus/ISIC_0014725.jpg,-0.22258693,-0.08330938
data/test/nevus/ISIC_0014728.jpg,-0.16039841,-0.3183587
data/test/nevus/ISIC_0014729.jpg,-0.060126208,0.33111393
data/test/nevus/ISIC_0014740.jpg,-0.07707522,-0.2653394
data/test/nevus/ISIC_0014743.jpg,-0.01044366,0.050946925
data/test/nevus/ISIC_0014746.jpg,0.19274019,-0.091107704
data/test/nevus/ISIC_0014749.jpg,-0.3305929,-0.054915577
data/test/nevus/ISIC_0014753.jpg,-0.2568502,-0.07200157
data/test/nevus/ISIC_0014755.jpg,-0.48529014,-0.3286562
data/test/nevus/ISIC_0014765.jpg,-0.09778136,0.14963083
data/test/nevus/ISIC_0014768.jpg,0.012078069,0.038287304
data/test/nevus/ISIC_0014773.jpg,-0.46463802,-0.17141876
data/test/nevus/ISIC_0014780.jpg,0.006320097,-0.3786468
data/test/nevus/ISIC_0014786.jpg,-0.045820557,-0.06135077
data/test/nevus/ISIC_0014787.jpg,-0.20979394,0.023051262
data/test/nevus/ISIC_0014792.jpg,-0.24307995,-0.1851861
data/test/nevus/ISIC_0014796.jpg,0.12423994,-0.19442503
data/test/nevus/ISIC_0014798.jpg,-0.09627575,-0.2597525
data/test/nevus/ISIC_0014807.jpg,-0.19490917,0.013227928
data/test/nevus/ISIC_0014814.jpg,-0.118640654,-0.14756486
data/test/nevus/ISIC_0014815.jpg,-0.17277049,-0.022845916
data/test/nevus/ISIC_0014820.jpg,-0.22986822,-0.27514428
data/test/nevus/ISIC_0014822.jpg,0.03684975,-0.10879469
data/test/nevus/ISIC_0014833.jpg,-0.14157608,0.10556261
data/test/nevus/ISIC_0014835.jpg,-0.22240748,-0.33261958
data/test/nevus/ISIC_0014844.jpg,-0.06451299,0.013328902
data/test/nevus/ISIC_0014853.jpg,0.002967518,-0.089059256
data/test/nevus/ISIC_0014854.jpg,-0.3002826,-0.17600088
data/test/nevus/ISIC_0014863.jpg,0.15528524,0.29949832
data/test/nevus/ISIC_0014867.jpg,0.003519841,-0.032515883
data/test/nevus/ISIC_0014868.jpg,-0.3490019,-0.11482699
data/test/nevus/ISIC_0014876.jpg,0.0420041,0.28700918
data/test/nevus/ISIC_0014879.jpg,-0.5506982,-0.029329076
data/test/nevus/ISIC_0014901.jpg,0.06028404,0.003342574
data/test/nevus/ISIC_0014907.jpg,-0.53015244,0.15366122
data/test/nevus/ISIC_0014910.jpg,-0.3297686,0.04155185
data/test/nevus/ISIC_0014921.jpg,-0.20952556,-0.09373159
data/test/nevus/ISIC_0014927.jpg,-0.067705385,-0.04398992
data/test/nevus/ISIC_0014936.jpg,-0.4647566,-0.14237668
data/test/nevus/ISIC_0014938.jpg,-0.68568444,-0.36718285
data/test/nevus/ISIC_0014940.jpg,-0.2570451,-0.0940997
data/test/nevus/ISIC_0014941.jpg,-0.2181099,-0.17454138
data/test/nevus/ISIC_0014942.jpg,-0.29282707,0.001787421
data/test/nevus/ISIC_0014943.jpg,-0.38703576,-0.33164302
data/test/nevus/ISIC_0014944.jpg,-0.34171206,-0.15723017
data/test/nevus/ISIC_0014947.jpg,-0.34745657,-0.39490673
data/test/nevus/ISIC_0014948.jpg,-0.37843338,-0.44679847
data/test/nevus/ISIC_0014949.jpg,-0.16324885,-0.093894444
data/test/nevus/ISIC_0014952.jpg,-0.27469146,0.035420105
data/test/nevus/ISIC_0014955.jpg,-0.68498594,-0.4656425
data/test/nevus/ISIC_0014956.jpg,0.098259404,0.09996042
data/test/nevus/ISIC_0014957.jpg,-0.29126522,-0.14012899
data/test/nevus/ISIC_0014958.jpg,-0.014695227,-0.16287223
data/test/nevus/ISIC_0014959.jpg,-0.480671,-0.02210166
data/test/nevus/ISIC_0014961.jpg,-0.37980098,-0.022416666
data/test/nevus/ISIC_0014962.jpg,-0.22918795,-0.26135603
data/test/nevus/ISIC_0014964.jpg,-0.1711739,-0.32787037
data/test/nevus/ISIC_0014966.jpg,-0.11971058,-0.11151339
data/test/nevus/ISIC_0014968.jpg,-0.15252793,0.09123684
data/test/nevus/ISIC_0014969.jpg,-0.08311674,-0.17813629
data/test/nevus/ISIC_0014973.jpg,-0.28779688,-0.004857879
data/test/nevus/ISIC_0014974.jpg,-0.5848127,-0.19821629
data/test/nevus/ISIC_0014977.jpg,-0.03224006,-0.1389649
data/test/nevus/ISIC_0014992.jpg,-0.07378666,0.15303528
data/test/nevus/ISIC_0014994.jpg,-0.000374287,-0.05550738
data/test/nevus/ISIC_0014998.jpg,0.027209949,0.100582965
data/test/nevus/ISIC_0015002.jpg,-0.33378306,-0.42854798
data/test/nevus/ISIC_0015003.jpg,-0.3453749,-0.34175092
data/test/nevus/ISIC_0015007.jpg,0.021465205,-0.32109275
data/test/nevus/ISIC_0015008.jpg,-0.18851411,-0.050003022
data/test/nevus/ISIC_0015009.jpg,-0.13212408,-0.22730525
data/test/nevus/ISIC_0015011.jpg,-0.104341656,-0.05645837
data/test/nevus/ISIC_0015013.jpg,-0.031034302,-0.27026495
data/test/nevus/ISIC_0015015.jpg,-0.03377888,-0.10314484
data/test/nevus/ISIC_0015016.jpg,-0.05487606,-0.3532537
data/test/nevus/ISIC_0015018.jpg,-0.057273235,0.030008316
data/test/nevus/ISIC_0015019.jpg,-0.08779819,-0.19932014
data/test/nevus/ISIC_0015020.jpg,-0.29536098,-0.016998034
data/test/nevus/ISIC_0015021.jpg,-0.06776839,-0.020543799
data/test/nevus/ISIC_0015023.jpg,-0.07753925,-0.05805097
data/test/nevus/ISIC_0015026.jpg,-0.42069593,-0.020976203
data/test/nevus/ISIC_0015030.jpg,0.03173978,-0.015927881
data/test/nevus/ISIC_0015031.jpg,-0.37751675,-0.1307253
data/test/nevus/ISIC_0015034.jpg,-0.2031711,-0.14229575
data/test/nevus/ISIC_0015035.jpg,-0.12528905,-0.3559436
data/test/nevus/ISIC_0015037.jpg,-0.08268834,0.020489397
data/test/nevus/ISIC_0015040.jpg,-0.080895126,-0.027182061
data/test/nevus/ISIC_0015051.jpg,-0.57632834,-0.26573148
data/test/nevus/ISIC_0015056.jpg,-0.069841936,-0.21685584
data/test/nevus/ISIC_0015057.jpg,0.110283524,0.27234688
data/test/nevus/ISIC_0015060.jpg,0.052387554,-0.028130023
data/test/nevus/ISIC_0015064.jpg,-0.2584629,-0.13325809
data/test/nevus/ISIC_0015078.jpg,-0.17048757,-0.46394026
data/test/nevus/ISIC_0015089.jpg,0.05545149,-0.020394564
data/test/nevus/ISIC_0015102.jpg,-0.14583755,-0.2199436
data/test/nevus/ISIC_0015118.jpg,-0.089920744,-0.02512212
data/test/nevus/ISIC_0015125.jpg,-0.23577432,0.07197797
data/test/nevus/ISIC_0015129.jpg,-0.08237381,-0.32786655
data/test/nevus/ISIC_0015130.jpg,-0.33672503,-0.09432903
data/test/nevus/ISIC_0015139.jpg,-0.78111565,-0.43783894
data/test/nevus/ISIC_0015140.jpg,-0.1548124,-0.23620175
data/test/nevus/ISIC_0015146.jpg,-0.64941835,-0.001960553
data/test/nevus/ISIC_0015149.jpg,-0.0825385,-0.2512768
data/test/nevus/ISIC_0015150.jpg,-0.3331643,-0.17907783
data/test/nevus/ISIC_0015152.jpg,0.15346785,-0.034392532
data/test/nevus/ISIC_0015155.jpg,-0.29268488,-0.19829574
data/test/nevus/ISIC_0015157.jpg,-0.13665378,-0.12431931
data/test/nevus/ISIC_0015160.jpg,-0.26687282,-0.3554057
data/test/nevus/ISIC_0015161.jpg,-0.24889264,-0.41925627
data/test/nevus/ISIC_0015171.jpg,-0.32233137,-0.20639154
data/test/nevus/ISIC_0015173.jpg,-0.3199216,-0.3293361
data/test/nevus/ISIC_0015174.jpg,-0.13133067,-0.18536246
data/test/nevus/ISIC_0015175.jpg,0.05970238,-0.021765688
data/test/nevus/ISIC_0015176.jpg,-0.086898066,-0.24705273
data/test/nevus/ISIC_0015179.jpg,-0.031202512,0.053787112
data/test/nevus/ISIC_0015184.jpg,-0.4038628,-0.4937169
data/test/nevus/ISIC_0015201.jpg,-0.42919117,-0.11899803
data/test/nevus/ISIC_0015202.jpg,0.13767174,0.09358458
data/test/nevus/ISIC_0015203.jpg,-0.38086388,0.004094264
data/test/nevus/ISIC_0015207.jpg,-0.17401819,-0.10318359
data/test/nevus/ISIC_0015208.jpg,-0.13116184,-0.005531916
data/test/nevus/ISIC_0015212.jpg,0.00687876,-0.07761234
data/test/nevus/ISIC_0015215.jpg,-0.042061172,-0.31912756
data/test/nevus/ISIC_0015216.jpg,-0.17663431,-0.02757809
data/test/nevus/ISIC_0015217.jpg,-0.36072046,-0.121203646
data/test/nevus/ISIC_0015218.jpg,-0.3435571,-0.10582193
data/test/nevus/ISIC_0015223.jpg,-0.6839358,0.100481234
data/test/nevus/ISIC_0015224.jpg,0.11236947,0.12282217
data/test/nevus/ISIC_0015226.jpg,-0.30188733,0.19543855
data/test/nevus/ISIC_0015232.jpg,-0.22412851,-0.37539807
data/test/nevus/ISIC_0015237.jpg,0.17478155,-0.35147697
data/test/nevus/ISIC_0015241.jpg,-0.008708179,0.050545678
data/test/nevus/ISIC_0015244.jpg,-0.16083409,-0.1607527
data/test/nevus/ISIC_0015245.jpg,-0.35247424,-0.3042962
data/test/nevus/ISIC_0015250.jpg,-0.31973636,-0.20101316
data/test/nevus/ISIC_0015254.jpg,0.09573576,0.040952135
data/test/nevus/ISIC_0015255.jpg,-0.22902597,-0.04985376
data/test/nevus/ISIC_0015258.jpg,0.109460525,0.15540427
data/test/nevus/ISIC_0015264.jpg,-0.22477642,-0.54813164
data/test/nevus/ISIC_0015270.jpg,0.1031082,0.28491756
data/test/nevus/ISIC_0015273.jpg,-0.15567273,-0.04528563
data/test/nevus/ISIC_0015274.jpg,-0.32331887,-0.23611003
data/test/nevus/ISIC_0015276.jpg,-0.3681661,-0.15640983
data/test/nevus/ISIC_0015279.jpg,0.13583031,0.20194885
data/test/nevus/ISIC_0015283.jpg,0.01711969,-0.16804461
data/test/nevus/ISIC_0015291.jpg,-0.025663838,-0.21929877
data/test/nevus/ISIC_0015293.jpg,-0.288065,-0.30097562
data/test/nevus/ISIC_0015298.jpg,-0.25141543,-0.12800969
data/test/nevus/ISIC_0015309.jpg,0.30881456,-0.09833335
data/test/nevus/ISIC_0015310.jpg,-0.3693174,-0.18033743
data/test/nevus/ISIC_0015311.jpg,-0.39579427,-0.13400213
data/test/nevus/ISIC_0015312.jpg,-0.21275972,0.012970815
data/test/nevus/ISIC_0015330.jpg,-0.5670414,0.044072974
data/test/nevus/ISIC_0015331.jpg,-0.2833444,-0.06747993
data/test/nevus/ISIC_0015347.jpg,-0.19704558,0.11758162
data/test/nevus/ISIC_0015353.jpg,-0.15282296,-0.25082594
data/test/nevus/ISIC_0015355.jpg,-0.09350151,-0.33520016
data/test/nevus/ISIC_0015357.jpg,-0.19801474,-0.16898136
data/test/nevus/ISIC_0015360.jpg,0.04526326,-0.23963952
data/test/nevus/ISIC_0015363.jpg,-0.7131033,-0.18065628
data/test/nevus/ISIC_0015364.jpg,-0.73058325,-0.25673443
data/test/nevus/ISIC_0015368.jpg,-0.17408758,-0.11608338
data/test/nevus/ISIC_0015369.jpg,-0.0694062,-0.09397541
data/test/nevus/ISIC_0015383.jpg,-0.11763405,-0.01745087
data/test/nevus/ISIC_0015386.jpg,-0.032379232,-0.11496492
data/test/nevus/ISIC_0015390.jpg,-0.29202205,-0.3003376
data/test/nevus/ISIC_0015395.jpg,-0.35662448,-0.16536655
data/test/nevus/ISIC_0015403.jpg,-0.32508218,-0.20892277
data/test/nevus/ISIC_0015404.jpg,-0.42369545,-0.3602222
data/test/nevus/ISIC_0015411.jpg,-0.5248602,-0.100179926
data/test/nevus/ISIC_0015412.jpg,0.04115639,0.20142978
data/test/nevus/ISIC_0015416.jpg,-0.22982351,-0.41630745
data/test/nevus/ISIC_0015417.jpg,0.16099371,0.14862491
data/test/nevus/ISIC_0015418.jpg,-0.15294792,-0.3327633
data/test/nevus/ISIC_0015419.jpg,-0.21427433,-0.30931157
data/test/nevus/ISIC_0015436.jpg,-0.13461497,-0.28443396
data/test/nevus/ISIC_0015440.jpg,-0.22778392,-0.017638419
data/test/nevus/ISIC_0015447.jpg,-0.12398097,0.29657465
data/test/nevus/ISIC_0015455.jpg,-0.1390875,-0.018156622
data/test/nevus/ISIC_0015464.jpg,-0.08900899,-0.085120216
data/test/nevus/ISIC_0015466.jpg,-0.49421284,0.09087066
data/test/nevus/ISIC_0015468.jpg,-0.27551115,-0.351672
data/test/nevus/ISIC_0015476.jpg,0.23244306,0.10359853
data/test/nevus/ISIC_0015481.jpg,-0.1007092,0.14419547
data/test/nevus/ISIC_0015482.jpg,-0.20830576,-0.20478317
data/test/nevus/ISIC_0015485.jpg,-0.4839077,-0.11059964
data/test/nevus/ISIC_0015510.jpg,-0.500887,-0.4581749
data/test/nevus/ISIC_0015526.jpg,-0.28751427,-0.37559637
data/test/nevus/ISIC_0015537.jpg,-0.1850418,-0.16894996
data/test/nevus/ISIC_0015544.jpg,-0.17636426,0.006475221
data/test/nevus/ISIC_0015559.jpg,-0.13543165,-0.27119097
data/test/nevus/ISIC_0015563.jpg,-0.13598186,-0.0976752
data/test/nevus/ISIC_0015566.jpg,-0.27038944,-0.07685052
data/test/nevus/ISIC_0015568.jpg,-0.045541883,-0.10141282
data/test/nevus/ISIC_0015582.jpg,-0.20475228,-0.14608994
data/test/nevus/ISIC_0015593.jpg,0.33298725,0.10153197
data/test/nevus/ISIC_0015603.jpg,-0.1889855,0.005315992
data/test/nevus/ISIC_0015607.jpg,-0.022405263,-0.43467405
data/test/nevus/ISIC_0015614.jpg,-0.20852366,-0.38036692
data/test/nevus/ISIC_0015617.jpg,-0.16017878,0.03579973
data/test/nevus/ISIC_0015625.jpg,-0.19306614,-0.212713
data/test/nevus/ISIC_0015631.jpg,-0.5285148,-0.25120613
data/test/nevus/ISIC_0015636.jpg,-0.09369871,-0.2218084
data/test/nevus/ISIC_0015638.jpg,0.002890442,0.08296398
data/test/nevus/ISIC_0015641.jpg,-0.5824304,-0.27080834
data/test/nevus/ISIC_0015645.jpg,-0.19419226,-0.23622906
data/test/nevus/ISIC_0015936.jpg,-0.03772045,-0.28527662
data/test/nevus/ISIC_0015937.jpg,0.21960698,-0.31417832
data/test/nevus/ISIC_0015938.jpg,-0.2330136,-0.21063028
data/test/nevus/ISIC_0015939.jpg,-0.39875898,-0.16897516
data/test/nevus/ISIC_0015940.jpg,0.23487121,0.34058356
data/test/nevus/ISIC_0015941.jpg,0.20472012,0.012735887
data/test/nevus/ISIC_0015942.jpg,0.016751803,-0.10498168
data/test/nevus/ISIC_0015943.jpg,-0.16978559,-0.19606765
data/test/nevus/ISIC_0015944.jpg,-0.40608138,-0.36874154
data/test/nevus/ISIC_0015945.jpg,-0.22502124,-0.27718717
data/test/nevus/ISIC_0015946.jpg,-0.094379455,-0.435137
data/test/nevus/ISIC_0015947.jpg,0.14403737,-0.1606349
data/test/nevus/ISIC_0015948.jpg,-0.0937797,-0.3303575
data/test/nevus/ISIC_0015949.jpg,-0.45859158,-0.25880185
data/test/nevus/ISIC_0015950.jpg,-0.21347766,-0.18557978
data/test/nevus/ISIC_0015951.jpg,-0.45449093,-0.11993903
data/test/nevus/ISIC_0015952.jpg,-0.015789237,-0.2398058
data/test/nevus/ISIC_0015953.jpg,-0.64528495,-0.3229937
data/test/nevus/ISIC_0015954.jpg,-0.1984015,-0.16318312
data/test/nevus/ISIC_0015955.jpg,-0.72648674,-0.074785955
data/test/nevus/ISIC_0015956.jpg,-0.0094625,-0.24336392
data/test/nevus/ISIC_0015957.jpg,-0.35367793,-0.29774815
data/test/nevus/ISIC_0015958.jpg,-0.6603896,-0.44442168
data/test/nevus/ISIC_0015959.jpg,-0.27474394,-0.04021053
data/test/nevus/ISIC_0015960.jpg,-0.31990188,-0.23763114
data/test/nevus/ISIC_0015961.jpg,-0.29630736,-0.19495395
data/test/nevus/ISIC_0015962.jpg,-0.121383615,-0.27469677
data/test/nevus/ISIC_0015963.jpg,-0.18417867,0.020872556
data/test/nevus/ISIC_0015964.jpg,-0.13732038,-0.117103
data/test/nevus/ISIC_0015965.jpg,-0.31631622,-0.26880178
data/test/nevus/ISIC_0015966.jpg,-0.30567726,-0.13872935
data/test/nevus/ISIC_0015967.jpg,-0.00674846,0.10166796
data/test/nevus/ISIC_0015968.jpg,-0.1758874,-0.055762075
data/test/nevus/ISIC_0015969.jpg,-0.9635033,-0.031447418
data/test/nevus/ISIC_0015971.jpg,-0.24802572,-0.19751568
data/test/nevus/ISIC_0015972.jpg,-0.50298953,-0.45132348
data/test/nevus/ISIC_0015973.jpg,-0.48733804,0.18186823
data/test/nevus/ISIC_0015974.jpg,-0.72106475,-0.56554997
data/test/nevus/ISIC_0015975.jpg,-0.031580627,-0.14304468
data/test/nevus/ISIC_0015976.jpg,-0.2440776,-0.046996012
data/test/nevus/ISIC_0015978.jpg,-0.52500933,-0.20605937
data/test/nevus/ISIC_0015979.jpg,-0.29799014,0.036962803
data/test/nevus/ISIC_0015980.jpg,-0.18297958,-0.43281135
data/test/nevus/ISIC_0015981.jpg,-0.24856529,-0.20934176
data/test/nevus/ISIC_0015982.jpg,-0.15718418,-0.16360945
data/test/nevus/ISIC_0015983.jpg,-0.27749115,-0.39918345
data/test/nevus/ISIC_0015984.jpg,-0.40803134,-0.33478776
data/test/nevus/ISIC_0015985.jpg,-0.24232505,-0.22503053
data/test/nevus/ISIC_0015986.jpg,-0.20034833,-0.04795251
data/test/nevus/ISIC_0015987.jpg,-0.19135149,-0.060201775
data/test/nevus/ISIC_0015988.jpg,-0.46724465,-0.12379023
data/test/nevus/ISIC_0015989.jpg,-0.3002249,-0.51730245
data/test/nevus/ISIC_0015990.jpg,-0.044911437,-0.31312695
data/test/nevus/ISIC_0015991.jpg,-0.3786127,-0.343432
data/test/nevus/ISIC_0015992.jpg,-0.3082509,-0.225184
data/test/nevus/ISIC_0015993.jpg,-0.29125312,-0.10405279
data/test/nevus/ISIC_0015994.jpg,-0.2512098,0.000541582
data/test/nevus/ISIC_0015995.jpg,-0.26588988,-0.07788573
data/test/nevus/ISIC_0015996.jpg,-0.044098094,-0.13485608
data/test/nevus/ISIC_0015997.jpg,-0.36450273,-0.22714879
data/test/nevus/ISIC_0015998.jpg,-0.07227689,-0.32691646
data/test/nevus/ISIC_0015999.jpg,-0.29122278,-0.054723747
data/test/nevus/ISIC_0016000.jpg,-0.18412715,0.14782801
data/test/nevus/ISIC_0016001.jpg,-0.41849256,-0.18412185
data/test/nevus/ISIC_0016002.jpg,-0.3475712,-0.16720274
data/test/nevus/ISIC_0016003.jpg,0.036226295,0.06345831
data/test/nevus/ISIC_0016004.jpg,-0.14839935,-0.048288196
data/test/nevus/ISIC_0016005.jpg,-0.001730353,-0.16256952
data/test/nevus/ISIC_0016006.jpg,-0.12899572,0.24488777
data/test/nevus/ISIC_0016007.jpg,-0.034316514,-0.246373
data/test/nevus/ISIC_0016008.jpg,-0.10104141,-0.031454533
data/test/nevus/ISIC_0016009.jpg,-0.041428983,0.20951143
data/test/nevus/ISIC_0016011.jpg,-0.4846226,-0.24105726
data/test/nevus/ISIC_0016012.jpg,-0.24859826,0.23949532
data/test/nevus/ISIC_0016013.jpg,0.03360367,-0.23821253
data/test/nevus/ISIC_0016014.jpg,-0.012089774,-0.22586514
data/test/nevus/ISIC_0016015.jpg,-0.1854299,0.25493693
data/test/nevus/ISIC_0016016.jpg,-0.247091,-0.25036263
data/test/nevus/ISIC_0016017.jpg,-0.34147364,-0.09704793
data/test/nevus/ISIC_0016018.jpg,-0.4366405,-0.23331513
data/test/nevus/ISIC_0016019.jpg,-0.2350338,0.2921066
data/test/nevus/ISIC_0016022.jpg,-0.31686175,-0.25780314
data/test/nevus/ISIC_0016023.jpg,-0.31851858,-0.10815525
data/test/nevus/ISIC_0016024.jpg,-0.37435445,-0.1804471
data/test/nevus/ISIC_0016025.jpg,-0.24475242,-0.047051832
data/test/nevus/ISIC_0016026.jpg,-0.54798836,-0.4014029
data/test/nevus/ISIC_0016027.jpg,-0.4356375,-0.23893179
data/test/nevus/ISIC_0016028.jpg,-0.48022473,-0.23476578
data/test/nevus/ISIC_0016029.jpg,-0.38647598,-0.19943847
data/test/nevus/ISIC_0016030.jpg,-0.002101207,0.014274834
data/test/nevus/ISIC_0016031.jpg,-0.3240517,-0.16094407
data/test/nevus/ISIC_0016033.jpg,-0.12702426,0.026058242
data/test/nevus/ISIC_0016034.jpg,-0.084111616,-0.22920313
data/test/nevus/ISIC_0016035.jpg,-0.4098692,-0.28257686
data/test/nevus/ISIC_0016036.jpg,-0.25242186,-0.30699715
data/test/nevus/ISIC_0016037.jpg,0.00103762,-0.18870693
data/test/nevus/ISIC_0016038.jpg,-0.32778734,-0.027899336
data/test/nevus/ISIC_0016040.jpg,-0.11543058,0.032900788
data/test/nevus/ISIC_0016041.jpg,-0.25848326,-0.37581813
data/test/nevus/ISIC_0016042.jpg,-0.25053185,-0.31945756
data/test/nevus/ISIC_0016043.jpg,-0.62883145,-0.13248818
data/test/nevus/ISIC_0016044.jpg,-0.29670823,0.039464466
data/test/nevus/ISIC_0016045.jpg,-0.07385242,-0.2097019
data/test/nevus/ISIC_0016046.jpg,-0.41422525,-0.3400929
data/test/nevus/ISIC_0016048.jpg,-0.06461777,-0.0505272
data/test/nevus/ISIC_0016049.jpg,0.002343278,-0.4299644
data/test/nevus/ISIC_0016050.jpg,-0.17618674,-0.061669074
data/test/nevus/ISIC_0016051.jpg,-0.10745344,-0.25310737
data/test/nevus/ISIC_0016052.jpg,-0.36388636,-0.21617511
data/test/nevus/ISIC_0016053.jpg,-0.24237077,-0.21482825
data/test/nevus/ISIC_0016054.jpg,-0.3238,-0.46515262
data/test/nevus/ISIC_0016055.jpg,-0.029735602,0.34223804
data/test/nevus/ISIC_0016056.jpg,-0.38677013,-0.20466706
data/test/nevus/ISIC_0016057.jpg,-0.07904865,-0.21293536
data/test/nevus/ISIC_0016058.jpg,0.15448454,0.13943323
data/test/nevus/ISIC_0016059.jpg,0.027253885,-0.10908084
data/test/nevus/ISIC_0016060.jpg,-0.12993275,0.08056942
data/test/nevus/ISIC_0016061.jpg,0.042365965,-0.25350493
data/test/nevus/ISIC_0016062.jpg,-0.26961163,0.120781034
data/test/nevus/ISIC_0016063.jpg,-0.23857924,-0.16296212
data/test/nevus/ISIC_0016064.jpg,-0.2125761,-0.21316591
data/test/nevus/ISIC_0016065.jpg,-0.24548748,-0.17156304
data/test/nevus/ISIC_0016066.jpg,-0.039650023,-0.01959972
data/test/nevus/ISIC_0016068.jpg,-0.12696731,-0.10899084
data/test/nevus/ISIC_0016069.jpg,-0.2068345,-0.06696299
data/test/nevus/ISIC_0016070.jpg,-0.05817589,0.07090532
data/test/nevus/ISIC_0016071.jpg,-0.22357173,0.007368604
data/test/nevus/ISIC_0016072.jpg,-0.1939805,0.022426102
data/test/seborrheic_keratosis/ISIC_0012086.jpg,-0.68519974,-0.256049
data/test/seborrheic_keratosis/ISIC_0012134.jpg,-0.34036142,-0.2916938
data/test/seborrheic_keratosis/ISIC_0012136.jpg,-0.40236264,-0.4048728
data/test/seborrheic_keratosis/ISIC_0012178.jpg,-0.4502379,0.055338383
data/test/seborrheic_keratosis/ISIC_0012199.jpg,-0.34775728,-0.10016418
data/test/seborrheic_keratosis/ISIC_0012207.jpg,-0.4644495,-0.16866027
data/test/seborrheic_keratosis/ISIC_0012215.jpg,-0.47289014,-0.31679738
data/test/seborrheic_keratosis/ISIC_0012223.jpg,-0.14399436,-0.002031339
data/test/seborrheic_keratosis/ISIC_0012240.jpg,-0.39143002,-0.19090253
data/test/seborrheic_keratosis/ISIC_0012248.jpg,-0.34301382,-0.32495722
data/test/seborrheic_keratosis/ISIC_0012265.jpg,-0.042029064,-0.24582773
data/test/seborrheic_keratosis/ISIC_0012266.jpg,-0.25625575,-0.32711202
data/test/seborrheic_keratosis/ISIC_0012272.jpg,-0.13957204,-0.29105133
data/test/seborrheic_keratosis/ISIC_0012273.jpg,-0.19149806,-0.019305851
data/test/seborrheic_keratosis/ISIC_0012314.jpg,-0.001257226,-0.03579607
data/test/seborrheic_keratosis/ISIC_0012323.jpg,-0.79600644,-0.44539213
data/test/seborrheic_keratosis/ISIC_0012330.jpg,-0.524128,0.049885165
data/test/seborrheic_keratosis/ISIC_0012358.jpg,-0.2310547,-0.1618748
data/test/seborrheic_keratosis/ISIC_0012364.jpg,-0.3752501,-0.05285234
data/test/seborrheic_keratosis/ISIC_0012372.jpg,-0.7339304,-0.18622449
data/test/seborrheic_keratosis/ISIC_0012375.jpg,-0.38056314,-0.36673757
data/test/seborrheic_keratosis/ISIC_0012387.jpg,-0.31941858,0.13797376
data/test/seborrheic_keratosis/ISIC_0012388.jpg,0.17906128,0.045495696
data/test/seborrheic_keratosis/ISIC_0012414.jpg,-0.32252547,-0.18212323
data/test/seborrheic_keratosis/ISIC_0012428.jpg,-0.19394788,-0.34370893
data/test/seborrheic_keratosis/ISIC_0012432.jpg,-0.66487324,0.059625454
data/test/seborrheic_keratosis/ISIC_0012447.jpg,-0.32608587,-0.2652008
data/test/seborrheic_keratosis/ISIC_0012448.jpg,-0.029217191,0.07653047
data/test/seborrheic_keratosis/ISIC_0012510.jpg,-0.1775679,-0.057366353
data/test/seborrheic_keratosis/ISIC_0012522.jpg,0.034901045,-0.22039436
data/test/seborrheic_keratosis/ISIC_0012537.jpg,-0.2052401,-0.3315882
data/test/seborrheic_keratosis/ISIC_0012548.jpg,-0.0854697,-0.08363906
data/test/seborrheic_keratosis/ISIC_0012705.jpg,-0.61975414,-0.21039245
data/test/seborrheic_keratosis/ISIC_0012757.jpg,-0.24036732,-0.12999833
data/test/seborrheic_keratosis/ISIC_0012786.jpg,0.0901723,-0.25194296
data/test/seborrheic_keratosis/ISIC_0012848.jpg,-0.53418916,-0.15958667
data/test/seborrheic_keratosis/ISIC_0012852.jpg,-0.36284965,-0.1680505
data/test/seborrheic_keratosis/ISIC_0012928.jpg,-0.37116748,-0.16474225
data/test/seborrheic_keratosis/ISIC_0012955.jpg,-0.1647669,-0.1525353
data/test/seborrheic_keratosis/ISIC_0012974.jpg,-0.26272628,-0.20228359
data/test/seborrheic_keratosis/ISIC_0013030.jpg,0.20125875,-0.13094717
data/test/seborrheic_keratosis/ISIC_0013035.jpg,-0.028504536,0.14228775
data/test/seborrheic_keratosis/ISIC_0013085.jpg,-0.58986545,-0.521947
data/test/seborrheic_keratosis/ISIC_0013169.jpg,-0.36925897,-0.5000111
data/test/seborrheic_keratosis/ISIC_0013170.jpg,-0.29512787,-0.42675942
data/test/seborrheic_keratosis/ISIC_0013203.jpg,-0.434259,-0.30414706
data/test/seborrheic_keratosis/ISIC_0013270.jpg,-0.30425456,-0.18828805
data/test/seborrheic_keratosis/ISIC_0013271.jpg,-0.3832585,-0.2269896
data/test/seborrheic_keratosis/ISIC_0013281.jpg,-0.14428645,-0.17726806
data/test/seborrheic_keratosis/ISIC_0013319.jpg,-0.26561674,-0.56462485
data/test/seborrheic_keratosis/ISIC_0013393.jpg,-0.35149685,-0.22574374
data/test/seborrheic_keratosis/ISIC_0013465.jpg,-0.41903204,-0.15788227
data/test/seborrheic_keratosis/ISIC_0013673.jpg,-0.3770157,-0.31768358
data/test/seborrheic_keratosis/ISIC_0013708.jpg,-0.6856849,-0.6383335
data/test/seborrheic_keratosis/ISIC_0013764.jpg,-0.21988927,-0.28482828
data/test/seborrheic_keratosis/ISIC_0013977.jpg,-0.32956988,0.03953688
data/test/seborrheic_keratosis/ISIC_0014006.jpg,-0.3393166,-0.51507205
data/test/seborrheic_keratosis/ISIC_0014177.jpg,-0.30383345,-0.17685974
data/test/seborrheic_keratosis/ISIC_0014251.jpg,-0.5224061,-0.3663327
data/test/seborrheic_keratosis/ISIC_0014278.jpg,0.006990358,0.07173625
data/test/seborrheic_keratosis/ISIC_0014386.jpg,-0.14016321,0.09482572
data/test/seborrheic_keratosis/ISIC_0014392.jpg,-0.0997783,0.000505712
data/test/seborrheic_keratosis/ISIC_0014409.jpg,-0.32658932,-0.42010087
data/test/seborrheic_keratosis/ISIC_0014419.jpg,-0.31799883,-0.056625813
data/test/seborrheic_keratosis/ISIC_0014457.jpg,-0.59200484,-0.20463148
data/test/seborrheic_keratosis/ISIC_0014474.jpg,-0.6481598,-0.34581548
data/test/seborrheic_keratosis/ISIC_0014500.jpg,-0.14013878,-0.13333836
data/test/seborrheic_keratosis/ISIC_0014503.jpg,0.022681743,0.08904959
data/test/seborrheic_keratosis/ISIC_0014567.jpg,-0.4771419,-0.16902538
data/test/seborrheic_keratosis/ISIC_0014574.jpg,-0.31736434,0.055724252
data/test/seborrheic_keratosis/ISIC_0014575.jpg,-0.23358689,-0.04797687
data/test/seborrheic_keratosis/ISIC_0014586.jpg,-0.107598916,-0.003602342
data/test/seborrheic_keratosis/ISIC_0014587.jpg,-0.6762167,-0.30078536
data/test/seborrheic_keratosis/ISIC_0014588.jpg,-0.80395734,-0.26240453
data/test/seborrheic_keratosis/ISIC_0014590.jpg,-0.2458746,-0.13508746
data/test/seborrheic_keratosis/ISIC_0014600.jpg,-0.16160434,-0.021564813
data/test/seborrheic_keratosis/ISIC_0014619.jpg,-0.23535946,-0.20733869
data/test/seborrheic_keratosis/ISIC_0014626.jpg,-0.4127631,-0.49792418
data/test/seborrheic_keratosis/ISIC_0014627.jpg,-0.3769566,-0.28403074
data/test/seborrheic_keratosis/ISIC_0014629.jpg,-0.3833835,-0.56602126
data/test/seborrheic_keratosis/ISIC_0014631.jpg,-0.31317413,-0.11470743
data/test/seborrheic_keratosis/ISIC_0014634.jpg,-0.47735232,-0.19111103
data/test/seborrheic_keratosis/ISIC_0014643.jpg,-0.395672,-0.27797464
data/test/seborrheic_keratosis/ISIC_0014644.jpg,-0.3571838,-0.03151683
data/test/seborrheic_keratosis/ISIC_0014645.jpg,-0.49456912,-0.5040406
data/test/seborrheic_keratosis/ISIC_0014647.jpg,-0.41258147,-0.41619512
data/test/seborrheic_keratosis/ISIC_0014648.jpg,-0.59287775,-0.5987365
data/test/seborrheic_keratosis/ISIC_0014649.jpg,-0.23432519,-0.56899804
data/test/seborrheic_keratosis/ISIC_0014652.jpg,-0.31988326,-0.37037775
data/test/seborrheic_keratosis/ISIC_0014653.jpg,-0.45947084,-0.22884226
